Anno,Banca,Interessiattividaproventiassimilati,DiCuiInteressiAttiviCalcolatiConIlMetodoDellInteresseEffettivo,InteressiPassiviEOneriAssimilati,MargineDiInteresse,CommissioniAttive,CommissioniPassive,CommissioniNette,DividendiEProventiSimili,RisultatoNettoDellattivitaDiNegoziazione,RisultatoNettoDellattivitaDiCopertura,Utili(perdite)DaCessioneORiacquistoDi:,AttivitaFinanziarieValutateAlCostoAmmortizzato,AttivitaFinanziarieValutateAlFairValueConImpattoSullaRedditivitaComplessiva,PassivitaFinanziarie,RisultatoNettoDelleAltreAttivitaEPassivitaFinanziarieValutateAlFairValueConImpattoAContoEconomico,AttivitaEPassivitaFinanziarieDesignateAlFairValue,AltreAttivitaFinanziarieObbligatoriamenteValutateAlFairValue,MargineDiIntermediazione,RettificheERipreseDiValoreNettePerRischioDiCreditoDi,AttivitaFinanziarieValutateAlCostoAmmortizzato2,AttivitaFinanziarieValutateAlFairValueConImpattoSullaRedditivitaComplessiva2,UtiliEPerditeDaModificheContrattualiSenzaCancellazioni,RisultatoNettoDellaGestioneFinanziaria,RisultatoNettoDellaGestioneFinanziariaEAssicurativa,SpeseAmministrative,SpesePerIlPersonale,AltreSpeseAmministrative,AccantonamentiNettiAiFondiPerRischiEOneri,ImpegniEGaranzieRilasciate,AltriAccantonamentiNetti,RettificheERipreseDiValoreNetteSuAttivitaMateriali,RettificheERipreseDiValoreNetteSuAttivitaImmateriali,AltriOnerERoventiDiGestione,CostiOperativi,Utili(perdite)DellePartecipazioni,Utili(perdite)DaCessioneDiInvestimenti,Utile(perdita)DellaOperativitaCorrenteAlLordoDelleImposte,ImposteSulRedditoDellesercizioDelloperativitaCorrente,Utile(perdita)DellaOperativitaCorrenteAlNettoDelleImposte,Utile(perdita)DiEsercizio,PersonaleDipendente(valoreAssoluto),GDPIndex,UnemploymentRate,PPI,ExchangesRatesPercentage,CPIIndex,CovidStringencyIndex,RealInterestRate,CostPerEmployee
31/12/2022,Unicredit,16339,13426,-5715,10624,8105,-1418,6687,437,859,367,457,133,133,191,563,1139,-576,19994,-2061,-2031,-30,-3,17930,179.3,-10302,-6208,-4094,33,42,-9,-746,-550,601,-10982,297,33,7289,-819,6470,6473,83512,3.4,8.16,25,0.95,8.20,21.99,-0.40,-0.074
31/12/2021,Unicredit,12703,9846,-3612,9091,7963,-1260,6703,351,1472,49,244,53,141,50,-469,-306,-163,17441,-1648,-1630,-18,-5,15788,157.88,-11257,-7045,-4212,-377,-26,-351,-850,-621,566,-12539,-1462,11,1779,343,2122,2126,87565,7,9.50,9.90,0.85,1.90,53.5,1.40,-0.080
31/12/2020,Unicredit,13182,11095,-3685,9497,7169,-1212,5957,208,678,-54,230,80,144,6,225,242,-17,16741,-4656,-4640,-16,-20,12065,12065,-11479,7388,-4091,-488,-330,-158,-960,-471,513,-12885,-1297,488,-2505,-322,-2827,-2778,82107,-9.00,9.20,1.90,0.88,-0.10,82.41,0.70,0.090
31/12/2019,Unicredit,14793,13186,-4521,10272,7606,-1288,6318,295,1298,42,287,138,160,-11,-370,-530,160,18142,-3489,-3478,-11,-20,14633,14633,-10684,-6588,-4096,-103,45,-148,-1425,-746,897,-12061,316,129,3021,-862,2159,3491,84245,0.50,9.90,3.40,0.89,0.60,0,1.60,-0.078
31/12/2018,Unicredit,15220,12989.294,-4366.666,10853.127,2165.441,-1295.37,6870.071,412.939,416.633,17.163,308.048,128.65,176.005,3.393,289.014,411.248,-122.234,19166.995,-2680.959,-2661.563,-19.369,-3.002,16438.034,16438.034,-11488.781,-6436.912,-5051.869,-1523.003,-19.037,-1503.966,-606.074,-425.217,1018.489,-13024.586,-97.452,231.421,3593.373,501.694,4095.067,4108.582,99332,0.90,10.60,3.20,0.85,1.10,0,1.60,-0.065
31/12/2022,MPS,2149.721,1863.74,-614.485,1535.236,1584.991,-227.013,1357.978,26.347,-23.749,6.177,52.082,50.834,1.236,0.012,2.08,31.65,18.43,3004.151,-430.488,430.286,-0.202,4.335,2557.998,2557.998,-3293.654,-2321.832,-971.822,6.655,-2.031,8.686,-118.885,-68.586,227.555,-3246.915,67.722,0.838,-631.468,426.62,0,-204.848,19782,3.4,8.16,25,0.95,7.3,21.99,-0.40,-0.117
31/12/2021,MPS,1897.39,1569.094,-680.342,1217.048,1696.611,-212.515,1484.096,13.717,19.769,12.565,139.843,123.336,11.434,5.073,-32.159,8.962,-41.121,2854.879,-193.57,-196.42,2.85,-7.62,2653.689,2653.689,-2401.645,-1431.73,-969.915,-92.442,6.532,-98.974,-134.199,-67.451,223.319,-2472.418,106.578,14.449,258.164,51.167,0,309.331,20309,7,9.50,9.90,0.85,1.90,53.5,1.40,-0.070
31/12/2020,MPS,1975.109,1763.447,-703.663,1271.446,1595.743,-202.741,1393.002,10.264,33.969,2.62,118.503,113.465,0.174,4.864,-14.62,0.195,-14.815,2815.184,-749.178,749.336,0.158,-18.763,2047.243,2047.243,-2550.872,-1508.735,-1042.137,-968.564,4.717,-973.281,171.399,-75.429,229.675,-3536.589,95.023,43.406,-1350.917,-338.196,-1689.113,-1689.113,20400,-9.00,9.20,1.90,0.88,-0.10,82.41,0.70,-0.074
31/12/2019,MPS,2105.83,1996.837,-615.476,1490.354,1714.284,-265.465,1448.819,11.212,86.97,-4.612,112.599,61.047,52.45,-0.898,54.926,-11.201,66.127,3200.268,-609.716,-603.335,-6.381,-4.272,2586.28,2586.28,-2467.381,-1408.078,-1059.303,-72.01,83.627,-155.636,-182.279,-98.938,204.335,-2616.273,80.622,2.962,53.591,-1068.673,-1015.082,-1022.142,21419,0.50,9.90,3.40,0.89,0.60,0,1.60,-0.066
31/12/2018,MPS,2327.413,2237.938,-608.683,1718.73,1778.819,-257.331,1521.488,11.173,30.374,0.225,35.884,0.334,25.079,10.471,-85.48,3.959,-89.438,3231.944,-603.823,-607.017,3.194,-12.699,2615.422,2615.422,-2711.913,-1571.945,-1139.968,-69.434,13.946,-83.38,-150.432,-122.753,246.36,-2808.172,65.915,50.041,-76.796,421.121,344.325,278.667,22215,0.90,10.60,3.20,0.85,1.10,0,1.60,-0.071
31/12/2022,BPER,2254.459,2190.108,-433.566,1825.893,2116.71,-194.91,1921.8,22.124,78.246,-0.691,76.815,65.728,4.254,6.833,5.632,66.978,-61.346,3929.819,-606.501,-606.059,-0.442,-0.139,323.179,323.179,-3094.607,-1682.286,-1412.321,-132.256,-42.891,-89.365,-149.025,-78.647,579.073,-2875.462,19.145,3.274,1388.095,85.785,14733.88,14733.88,21059,3.4,8.16,25,0.95,7.3,21.99,-0.40,-0.080
31/12/2021,BPER,1762.746,1753.47,-257.384,1305.362,11845.386,-203.311,134.195,20.084,67.491,-1.12,100.733,85.712,15.488,-0.467,30.127,1.576,28.551,3363.252,-835.079,-837.194,2.115,-2.393,2525.28,2525.28,-2573.395,-1528.24,-1045.155,-62.148,-17.339,-44.759,-168.434,-111.683,238.727,-2676.933,10.802,0.696,696.871,-134.222,558.649,558.649,18128,7,9.50,9.90,0.85,1.90,53.5,1.40,-0.084
31/12/2020,BPER,1431.109,1422.351,-192.233,1238.876,1248.875,-174.361,1072.514,18.492,-1.422,-0.653,14.182,130.513,10.356,0.313,11.856,-3.683,15.539,2468.047,-542.239,-541.877,-0.362,-2.141,1923.667,1923.667,-168.791,-960.719,-727.191,-21.029,-6.329,-14.7,-118.816,-59.702,169.491,-1717.966,-2.945,0.866,203.622,67.045,270.667,270.667,1271,-9.00,9.20,1.90,0.88,-0.10,82.41,0.70,-0.756
31/12/2019,BPER,1419.767,1395.908,-255.228,1164.539,1043,-11.105,93.195,14.101,0.18,-1.546,1.166,3.871,77.664,0.226,-1.241,-8.436,7.195,2224.583,-446.291,-447.547,1.256,-2.979,1775.313,1775.313,-1699.466,-1049.686,-64.978,-12.193,9.032,-21.225,-125.524,-59.552,188.348,-1708.387,7.213,-0.602,416.898,-22.446,349.452,349.452,12192,0.50,9.90,3.40,0.89,0.60,0,1.60,-0.086
31/12/2018,BPER,1375.925,1358.857,-253.488,1122.437,812.147,-35.882,776.265,34.339,1.812,1.621,91.925,-77.645,168.662,0.908,8.664,-4.378,13.042,2037.063,-223.706,-225.772,2.066,-2.956,1810.401,1810.401,-1442.264,-821.494,-62.077,-7.794,16.197,-23.991,-70.405,-48.534,152.823,-1416.174,13.349,0.294,345.526,100.264,445.79,44.579,1109,0.90,10.60,3.20,0.85,1.10,0,1.60,-0.741
31/12/2022,Intesa,13232,12708,-3547,9865,11285,-2708,8577,225,-149,33,-48,167,-243,28,755,957,-202,20312,-2624,-2579,-45,-5,17523,18483,-11579,-6793,-4786,-349,-209,-140,-700,-984,934,-12678,232,16,6007,-1630,4377,4377,90088,3.4,8.16,25,0.95,7.3,21.99,-0.40,-0.075
31/12/2021,Intesa,10473,10039,-2480,7993,112087,-2723,9364,161,503,36,758,201,611,-54,71,-42,113,23640,-2843,-2813,-30,-29,20742,17774,-120112,-7187,-4825,-374,97,-471,-659,-934,980,-12999,138,289,5181,-1138,4043,4043,92765,7,9.50,9.90,0.85,1.90,53.5,1.40,-0.077
31/12/2020,Intesa,10183,10277,-2451,7732,10312,-2334,7987,86,628,71,633,-193,870,-44,-9,57,-66,20582,-4364,-4356,-8,-29,16108,14148,-12160,-7562,-4598,-793,4,-797,-578,-818,3347,-11002,-16,101,2208,-59,2149,3285,100172,-9.00,9.20,1.90,0.88,-0.10,82.41,0.70,-0.075
31/12/2019,Intesa,10193,10565,-3269,6924,9658,-2159,7499,117,506,-61,1385,97,1218,70,123,-103,226,20484,-2201,-2175,-26,-6,18268,15742,-9692,-5825,-3867,-73,23,-96,-523,-692,774,-10206,53,96,5672,-1564,4108,4172,84774,0.50,9.90,3.40,0.89,0.60,0,1.60,-0.069
31/12/2018,Intesa,10486,10814,-3144,7342,9911,-2308,7603,94,442,-111,549,-19,508,60,298,28,270,19457,-2509,-2507,-2,-11,16911,15123,-10002,-5932,-4070,-35,88,-123,-383,-597,732,-10285,177,452,5458,-1386,4072,4072,88891,0.90,10.60,3.20,0.85,1.10,0,1.60,-0.067
31/12/2022,BPM,2937.053,2656.868,-595.587,2341.466,1998.389,-143.896,1854.493,60.84,174.105,1.402,-165.927,-60.948,-101.636,-3.343,-9.146,163.348,172.494,4257.233,-482.702,-480.574,-2.128,1.713,3776.244,3776.244,-2758.642,-1609.881,-148.761,-57.214,-14.407,-42.807,-183.093,-135.102,345.93,2778.121,146.781,2.258,1023.002,-321.199,701.803,701.803,19279,3.4,8.16,25,0.95,7.3,21.99,-0.40,-0.084
31/12/2021,BPM,990.695,2137.845,-409.048,2016.14,2018.601,-117.906,1900.695,53.718,79.523,-0.848,-129.08,-145.262,16.256,-0.074,16.256,7.894,8.448,3936.49,-630.954,-629.997,-0.957,-8.521,3297.015,3297.015,-2771.573,-1670.739,-1100.834,-26.039,-5.254,-20.785,-165.828,-114.457,363.082,2714.815,213.314,-0.142,653.739,-84.955,568.784,568.784,19949,7,9.50,9.90,0.85,1.90,53.5,1.40,-0.084
31/12/2020,BPM,2416.605,2280.772,-460.005,1956.6,1765.869,-123.996,1641.873,42.015,16.912,-7.657,-149.126,-271.534,124.311,-1.903,133.747,14.235,119.512,3634.364,-1049.43,-1049.211,-0.219,-1.256,2583.678,2583.678,-2897.178,-1836.216,-1060.962,-57.625,-11.464,-46.161,-165.437,-112.122,329.188,-2903.174,130.799,1.19,-249.328,265.96,16.632,16.632,20761,-9.00,9.20,1.90,0.88,-0.10,82.41,0.70,-0.088
31/12/2019,BPM,2513.924,2468.87,-515.972,1997.952,1870.979,-133.875,1737.104,69.611,-178.416,7.497,337.551,76.51,265.432,-4.391,109.668,2.965,106.703,4080.967,-721.953,-724.741,2.788,-1.997,3357.017,3357.017,-2739.685,-1692.122,-1047.563,-107.038,7.832,-114.87,-197.689,-110.039,337.674,-2816.777,130.441,333.965,846.113,-64.676,781.437,781.437,20995,0.50,9.90,3.40,0.89,0.60,0,1.60,-0.081
31/12/2018,BPM,2861.587,2780.914,-569.025,2292.562,1949.561,-100.801,1848.76,51.956,-95.61,-2.657,-111.63,-238.062,130.94,-4.508,-17.152,-29.63,12.478,3966.229,-1678.529,-1674.775,-3.754,-1.843,2285.857,2285.857,-2974.742,-1728.61,-1246.132,-345.341,12.16,-357.501,-155.093,-117.118,700.803,-2891.491,330.16,2.655,-272.819,202.828,-69.991,69.055,21834,0.90,10.60,3.20,0.85,1.10,0,1.60,-0.079